arco119,arco119.jpg,,
arco126b,arco126b.jpg,,
arco131,arco131.jpg,,
arco132,arco132.jpg,,
arco132a,arco132a.jpg,,
arco133a,arco133a.jpg,,
arco136b,arco136b.jpg,,
arco142a,arco142a.jpg,,
arco143c,arco143c.jpg,,
arco148,arco148.jpg,,
arco163,arco163.jpg,,
arco171b,arco171b.jpg,,
arco180,arco180.jpg,,
arco182,arco182.jpg,,
arco183,arco183.jpg,,
arco186b,arco186b.jpg,,
arco188,arco188.jpg,,
arco190,arco190.jpg,,
arco192c,arco192c.jpg,,
arco201a,arco201a.jpg,,
arco202a,arco202a.jpg,,
arco203b,arco203b.jpg,,
arco208b,arco208b.jpg,,
arco211b,arco211b.jpg,,
arco218b,arco218b.jpg,,
arco249a,arco249a.jpg,,
arco252a,arco252a.jpg,,
arco256,arco256.jpg,,
arco258,arco258.jpg,,
arco282a,arco282a.jpg,,
arco283a,arco283a.jpg,,
arco306b,arco306b.jpg,,
arco307a,arco307a.jpg,,
arco53c,arco53c.jpg,,
index,index.jpg,,
Portone_Sontuoso,PortoneSontuoso.jpg,,